{"cameraMode":{"drawMode":0,"name":"Shaded","section":"Shading Mode"},"sceneLighting":false,"audioPlay":false,"sceneViewState":{"m_AlwaysRefresh":false,"showFog":true,"showSkybox":false,"showFlares":true,"showImageEffects":true,"showParticleSystems":true,"showVisualEffectGraphs":true,"m_FxEnabled":true},"in2DMode":false,"pivot":{"x":-19.271039962768556,"y":-8.265039443969727,"z":3.3144595623016359},"rotation":{"x":0.12308871746063233,"y":-0.7204511761665344,"z":0.13244174420833589,"w":0.6695451140403748},"size":17.776395797729493,"orthographic":false}