{"cameraMode":{"drawMode":0,"name":"Shaded","section":"Shading Mode"},"sceneLighting":false,"audioPlay":false,"sceneViewState":{"m_AlwaysRefresh":false,"showFog":true,"showSkybox":false,"showFlares":true,"showImageEffects":true,"showParticleSystems":true,"showVisualEffectGraphs":true,"m_FxEnabled":true},"in2DMode":false,"pivot":{"x":-0.0218656063079834,"y":0.20128761231899262,"z":-0.009564995765686036},"rotation":{"x":-0.037391725927591327,"y":-0.9576741456985474,"z":0.24535445868968965,"w":-0.14592194557189942},"size":1.8735278844833375,"orthographic":false}