{"cameraMode":{"drawMode":0,"name":"Shaded","section":"Shading Mode"},"sceneLighting":true,"audioPlay":false,"sceneViewState":{"m_AlwaysRefresh":false,"showFog":true,"showSkybox":true,"showFlares":true,"showImageEffects":true,"showParticleSystems":true,"showVisualEffectGraphs":true,"m_FxEnabled":true},"in2DMode":false,"pivot":{"x":0.08680164068937302,"y":3.706599235534668,"z":2.8509881496429445},"rotation":{"x":-0.16735027730464936,"y":0.7185399532318115,"z":-0.18524229526519776,"w":-0.6491405367851257},"size":3.1576552391052248,"orthographic":false}