{"cameraMode":{"drawMode":0,"name":"Shaded","section":"Shading Mode"},"sceneLighting":false,"audioPlay":false,"sceneViewState":{"m_AlwaysRefresh":false,"showFog":true,"showSkybox":false,"showFlares":true,"showImageEffects":true,"showParticleSystems":true,"showVisualEffectGraphs":true,"m_FxEnabled":true},"in2DMode":false,"pivot":{"x":-0.000009314524504588917,"y":0.00000725066411177977,"z":-0.000007422211638186127},"rotation":{"x":-0.030908573418855668,"y":0.4593680500984192,"z":-0.015996884554624559,"w":-0.8875642418861389},"size":0.000017320508050033823,"orthographic":false}