{"cameraMode":{"drawMode":0,"name":"Shaded","section":"Shading Mode"},"sceneLighting":true,"audioPlay":false,"sceneViewState":{"m_AlwaysRefresh":false,"showFog":true,"showSkybox":true,"showFlares":true,"showImageEffects":true,"showParticleSystems":true,"showVisualEffectGraphs":true,"m_FxEnabled":true},"in2DMode":false,"pivot":{"x":3.5983710289001467,"y":0.7395742535591126,"z":4.2713470458984379},"rotation":{"x":-0.021357646211981775,"y":0.27099651098251345,"z":0.0060157328844070438,"w":0.9623298645019531},"size":3.7751214504241945,"orthographic":false}