{"cameraMode":{"drawMode":0,"name":"Shaded","section":"Shading Mode"},"sceneLighting":true,"audioPlay":false,"sceneViewState":{"m_AlwaysRefresh":false,"showFog":true,"showSkybox":true,"showFlares":true,"showImageEffects":true,"showParticleSystems":true,"showVisualEffectGraphs":true,"m_FxEnabled":true},"in2DMode":false,"pivot":{"x":0.6486010551452637,"y":3.1041994094848635,"z":-1.9784181118011475},"rotation":{"x":-0.1284576952457428,"y":0.33279523253440859,"z":-0.04581562057137489,"w":-0.9330845475196838},"size":1.9201265573501588,"orthographic":false}